<?xml version="1.0" encoding="UTF-8"?>
<project-private xmlns="http://www.netbeans.org/ns/project-private/1">
    <editor-bookmarks xmlns="http://www.netbeans.org/ns/editor-bookmarks/2" lastBookmarkId="0"/>
    <open-files xmlns="http://www.netbeans.org/ns/projectui-open-files/2">
        <group>
            <file>file:/C:/Users/NARLIS%20FARELO/Documents/NetBeansProjects/Taller4/src/PruebaEcuacion/pruebaecuacion.java</file>
            <file>file:/C:/Users/NARLIS%20FARELO/Documents/NetBeansProjects/Taller4/src/punto6/Ecuacion.java</file>
        </group>
    </open-files>
</project-private>
